Tick,Power,Failed
7,101.543565,0
9,101.543565,0
10,102.315348,0
12,106.174260,0
13,106.174260,0
14,106.174260,0
15,105.691896,0
16,105.616096,0
17,104.871877,0
19,104.668407,0
20,104.602254,0
21,104.038118,0
22,103.932875,0
23,102.612158,0
24,102.200770,0
26,101.987490,0
27,101.782364,0
28,101.520356,0
29,101.543856,0
30,101.484853,0
31,101.432802,0
32,101.410962,0
33,101.387015,0
34,101.379847,0
35,101.621249,0
36,101.621249,0
37,101.621249,0
38,101.655862,0
39,101.583346,0
40,101.571114,0
41,101.555427,0
42,101.540268,0
43,101.421615,0
45,101.054099,0
47,101.018985,0
48,100.998300,0
49,100.961779,0
50,100.797047,2
52,100.790423,2
53,100.737247,2
54,100.726635,2
55,100.656639,2
56,100.615903,4
57,100.524919,4
58,100.494154,4
61,100.492323,4
63,100.484611,4
64,100.494493,4
65,100.477568,4
66,100.476282,4
67,100.459403,6
68,100.439668,7
69,100.423461,7
70,100.411923,7
71,100.395785,7
72,100.410121,7
73,100.408253,7
74,100.401447,7
76,100.393478,8
77,100.383618,8
78,100.393774,8
79,100.390786,8
80,100.371540,10
81,100.372323,10
82,100.373212,10
83,100.356274,10
84,100.348244,10
86,100.329808,10
87,100.328664,10
88,100.323135,10
90,100.316964,10
91,100.320893,10
94,100.325721,10
95,100.324585,10
96,100.326476,10
97,100.325559,10
98,100.321552,10
99,100.316572,10
100,100.327389,10
101,100.343873,10
102,100.342302,10
103,100.347624,10
104,100.336538,14
105,100.331786,14
106,100.327019,14
107,100.325527,14
108,100.323381,14
109,100.319956,14
113,100.327386,14
114,100.326382,14
115,100.333420,14
116,100.326442,14
117,100.324370,14
118,100.322782,14
119,100.322105,14
121,100.324448,14
122,100.325711,14
123,100.325055,14
124,100.330759,14
125,100.329909,14
126,100.328256,14
127,100.323816,14
129,100.328329,14
130,100.324052,14
132,100.324638,14
133,100.322919,14
134,100.324612,14
135,100.320665,14
136,100.319164,14
137,100.326619,14
138,100.325553,14
139,100.322550,14
140,100.330246,14
141,100.322129,14
142,100.309124,16
143,100.310776,16
144,100.312013,16
145,100.306647,16
146,100.299228,16
147,100.298610,16
148,100.296203,16
149,100.292705,16
150,100.291470,16
151,100.289820,16
152,100.289962,16
153,100.287535,17
154,100.288178,18
155,100.290646,19
157,100.287627,21
158,100.282937,21
159,100.280595,22
160,100.277638,22
161,100.276197,22
162,100.275210,22
163,100.282850,23
164,100.280865,23
165,100.277759,23
166,100.276437,23
167,100.275887,23
168,100.278595,23
169,100.278014,23
170,100.273137,23
171,100.270950,23
172,100.266075,23
173,100.261460,23
174,100.262926,25
175,100.262498,25
176,100.264945,25
177,100.264489,26
178,100.261844,27
179,100.262714,27
180,100.260594,27
181,100.259222,27
182,100.258195,27
183,100.259320,27
184,100.260164,28
185,100.259787,28
186,100.263014,28
187,100.260260,28
189,100.264833,28
190,100.264534,28
191,100.265585,28
192,100.261496,29
193,100.261134,30
194,100.259734,30
195,100.259891,30
197,100.258490,31
198,100.260092,31
199,100.258350,31
200,100.254557,32
201,100.253116,32
202,100.252333,32
203,100.251232,32
204,100.249798,32
205,100.248352,32
206,100.246893,32
207,100.246180,32
208,100.245289,32
209,100.243854,32
210,100.243593,32
211,100.242576,32
212,100.241918,32
213,100.243971,32
215,100.243700,32
216,100.247793,32
217,100.246932,32
218,100.248556,32
219,100.248311,32
220,100.250309,32
221,100.248881,32
222,100.247047,32
223,100.248392,32
224,100.248729,33
225,100.250905,33
226,100.249349,34
227,100.250940,34
228,100.250022,35
229,100.249523,35
230,100.246935,35
231,100.245267,35
232,100.244279,35
233,100.243947,35
234,100.243951,35
235,100.243720,35
236,100.243908,35
237,100.245586,35
238,100.249371,35
239,100.248421,35
240,100.247479,35
241,100.247239,35
242,100.245290,35
243,100.241727,36
244,100.239744,36
245,100.239521,36
246,100.239289,36
247,100.238828,36
248,100.238358,36
249,100.237683,36
250,100.238311,36
251,100.238086,36
252,100.242779,37
253,100.240843,39
254,100.240885,39
255,100.240241,39
256,100.243039,39
258,100.241909,39
260,100.241629,39
261,100.241457,39
262,100.240386,40
263,100.241051,40
264,100.240271,40
265,100.240015,40
266,100.241266,40
267,100.241696,40
268,100.241221,40
269,100.241907,40
270,100.240959,41
272,100.240247,41
273,100.240908,41
274,100.244946,41
275,100.245439,41
276,100.244627,43
277,100.245852,43
278,100.243760,45
279,100.243547,45
280,100.242688,45
281,100.241631,45
282,100.245035,45
283,100.242167,45
284,100.244723,45
285,100.243884,45
286,100.243085,45
287,100.242129,45
288,100.242574,45
289,100.242146,45
290,100.244405,45
291,100.245447,45
292,100.244201,45
293,100.243112,46
294,100.243857,46
295,100.242778,46
296,100.242390,46
297,100.241989,47
298,100.241859,47
299,100.246845,47
300,100.246114,47
301,100.246128,47
302,100.246631,47
303,100.244800,48
304,100.243861,49
305,100.242820,49
306,100.242101,49
307,100.242487,49
308,100.241590,49
309,100.241407,49
310,100.241225,49
311,100.243678,49
312,100.242779,49
313,100.242583,49
314,100.242397,49
315,100.242211,49
316,100.241974,50
317,100.242842,50
318,100.240495,51
319,100.239932,51
320,100.239004,51
321,100.238275,51
322,100.237753,51
323,100.239900,51
324,100.239194,51
325,100.238839,51
326,100.238141,51
327,100.237969,52
328,100.239639,52
329,100.239131,52
330,100.239496,52
331,100.239829,52
332,100.239488,52
333,100.239152,52
334,100.238650,52
335,100.241455,52
336,100.240949,52
337,100.239777,53
338,100.239278,53
339,100.239443,53
340,100.239264,53
341,100.238381,53
342,100.242249,54
343,100.241262,54
344,100.240587,55
345,100.239631,55
346,100.239950,55
347,100.239459,55
348,100.239299,55
349,100.240439,55
350,100.239781,56
351,100.239295,56
352,100.241430,56
353,100.240626,56
354,100.239931,56
355,100.240004,57
356,100.239216,57
357,100.241420,57
358,100.241995,57
359,100.241980,57
360,100.240910,57
361,100.241089,57
362,100.240631,57
363,100.239863,57
364,100.238642,57
365,100.239186,57
366,100.239968,57
367,100.238475,58
368,100.238182,59
369,100.238572,60
370,100.238346,60
371,100.237207,61
372,100.236190,62
373,100.236728,62
374,100.236005,63
375,100.235188,64
376,100.234912,64
377,100.236605,64
378,100.236323,64
379,100.236692,64
380,100.240644,65
381,100.240139,66
382,100.239274,66
383,100.241256,66
384,100.241325,67
385,100.240802,67
386,100.240079,67
387,100.241092,68
388,100.240824,68
389,100.241230,69
390,100.239972,70
391,100.241136,70
392,100.241081,70
393,100.240080,70
394,100.239229,70
395,100.238625,70
396,100.238124,70
397,100.237382,70
398,100.237785,70
399,100.237415,71
400,100.238332,71
401,100.244320,71
402,100.243574,71
403,100.242601,72
404,100.242841,72
405,100.242337,72
406,100.241456,72
407,100.240801,72
408,100.240978,72
409,100.241280,73
410,100.242238,74
412,100.243025,75
413,100.244923,75
414,100.244277,76
415,100.243219,76
416,100.242314,76
417,100.241773,78
418,100.240996,80
419,100.240287,82
421,100.240047,82
422,100.239928,82
423,100.239892,83
425,100.239625,83
426,100.239765,83
427,100.243094,83
428,100.242022,83
429,100.241665,83
430,100.241761,83
431,100.241252,83
432,100.240984,83
433,100.240345,83
434,100.239559,83
436,100.239167,83
437,100.239900,83
438,100.239644,83
440,100.239526,83
441,100.239128,83
443,100.238630,83
444,100.238269,83
445,100.237795,83
446,100.236953,83
447,100.237064,84
448,100.236485,84
449,100.236355,84
450,100.235586,84
451,100.234970,85
452,100.236407,85
453,100.235892,86
454,100.236285,88
455,100.235824,88
456,100.235323,89
457,100.234826,89
458,100.236144,89
459,100.236034,89
460,100.235708,89
461,100.235473,89
462,100.235989,89
463,100.237177,90
464,100.236638,90
466,100.237972,90
467,100.237922,90
468,100.237117,91
469,100.235948,92
470,100.235484,92
471,100.234407,92
472,100.234138,92
473,100.233826,92
474,100.233772,92
475,100.233346,92
476,100.232872,92
477,100.233165,92
478,100.232623,92
481,100.233367,92
483,100.234937,92
484,100.234836,92
485,100.234735,92
486,100.234535,92
487,100.237077,92
488,100.236864,92
489,100.237213,92
490,100.237309,93
491,100.236527,94
492,100.237339,94
493,100.236365,95
494,100.235762,95
495,100.235345,95
496,100.236179,95
497,100.235975,95
498,100.237396,96
499,100.236674,96
500,100.236458,96
501,100.233342,96
502,100.233137,96
503,100.232432,97
504,100.231610,97
505,100.231410,97
506,100.233338,97
507,100.233803,97
508,100.233700,97
509,100.232811,97
510,100.233254,98
511,100.232576,98
512,100.232344,98
513,100.230833,98
514,100.231737,98
515,100.231635,98
516,100.231563,98
517,100.231361,98
518,100.230955,98
519,100.230653,98
520,100.233528,98
521,100.233420,98
522,100.233327,98
523,100.234064,98
524,100.233422,98
525,100.233403,99
526,100.232684,101
527,100.233365,102
528,100.232571,103
529,100.231576,104
530,100.230997,104
531,100.232303,104
533,100.232989,105
535,100.233701,105
536,100.233343,105
537,100.233613,105
538,100.232924,106
539,100.232508,107
540,100.232194,107
541,100.232104,107
542,100.231837,108
543,100.231310,108
544,100.231310,108
545,100.230947,108
546,100.230550,109
547,100.230337,109
548,100.229877,109
549,100.229795,109
551,100.230141,109
552,100.229955,109
555,100.229855,109
556,100.229360,110
558,100.229008,110
560,100.231778,110
561,100.235693,110
562,100.235651,110
563,100.235915,110
565,100.235625,110
566,100.235954,110
567,100.238682,110
568,100.237667,110
569,100.237609,110
570,100.238672,110
571,100.238193,110
572,100.237906,110
573,100.237424,110
574,100.237744,110
575,100.237378,110
576,100.236818,111
578,100.236533,111
579,100.237220,111
580,100.237336,111
581,100.238209,111
582,100.238052,111
583,100.237653,111
584,100.238869,112
585,100.238174,113
586,100.237724,113
587,100.236901,113
588,100.237142,113
590,100.236215,113
591,100.236380,113
593,100.237266,113
594,100.237099,113
595,100.237555,113
596,100.239584,114
597,100.240078,114
598,100.239370,114
599,100.239279,114
600,100.238735,114
601,100.240228,116
602,100.239698,116
603,100.239325,116
604,100.238648,116
605,100.239097,116
606,100.239714,116
607,100.238882,116
608,100.238200,116
609,100.238827,116
610,100.239868,116
611,100.240950,116
612,100.241558,116
613,100.241938,116
614,100.241942,116
615,100.241954,116
616,100.242384,116
617,100.242523,117
618,100.242223,118
619,100.241986,118
620,100.242506,118
621,100.242778,118
622,100.242540,118
623,100.242755,118
624,100.241962,119
625,100.242279,119
627,100.242038,120
628,100.241807,120
629,100.243071,120
630,100.242447,120
631,100.243410,120
632,100.242959,122
633,100.243845,122
634,100.243543,122
635,100.243560,123
636,100.242520,123
637,100.241676,123
638,100.241416,123
639,100.242070,123
640,100.242903,123
641,100.242547,123
642,100.242194,123
643,100.242921,123
644,100.242759,123
645,100.244017,123
646,100.244234,124
647,100.244158,124
648,100.244007,124
649,100.243548,126
650,100.243391,126
651,100.244497,126
652,100.244533,126
653,100.244593,126
654,100.244225,126
655,100.244237,127
656,100.243933,127
658,100.244216,127
659,100.244592,127
660,100.243892,127
661,100.243757,128
662,100.243437,128
663,100.243440,128
664,100.243294,128
665,100.243574,128
666,100.243483,128
669,100.243134,128
670,100.243827,128
671,100.244705,128
672,100.244148,128
673,100.243840,128
674,100.243755,128
675,100.244400,128
676,100.244962,128
679,100.245441,128
680,100.245356,128
681,100.245820,128
682,100.245563,128
683,100.245990,128
684,100.245625,128
685,100.245352,128
686,100.245545,128
687,100.244919,128
688,100.244656,128
689,100.244392,128
690,100.244673,129
693,100.244378,129
694,100.244315,129
695,100.244399,129
696,100.244330,129
697,100.244548,129
699,100.245171,129
700,100.245014,129
701,100.245481,129
704,100.245254,129
705,100.245866,129
706,100.246349,129
707,100.247985,129
708,100.247722,129
709,100.247791,129
710,100.247562,130
711,100.246918,131
712,100.246066,132
713,100.246287,132
714,100.246214,132
715,100.245890,132
716,100.245412,133
717,100.245210,134
718,100.244817,134
719,100.245273,134
720,100.245032,134
721,100.249089,134
722,100.248459,134
723,100.248137,134
724,100.247651,134
725,100.248048,134
726,100.248240,134
727,100.247348,134
729,100.247054,134
730,100.246997,134
731,100.247506,134
732,100.247193,134
733,100.247192,135
734,100.247043,135
735,100.248635,135
736,100.248505,135
737,100.248196,135
738,100.248579,135
739,100.248506,135
740,100.248140,135
741,100.248001,135
742,100.247918,135
743,100.248042,135
744,100.249097,135
745,100.251493,136
746,100.250975,136
747,100.252098,136
748,100.252110,137
749,100.251907,137
750,100.251243,137
751,100.250591,138
752,100.249820,139
753,100.249413,139
754,100.249200,139
755,100.249040,139
756,100.249962,139
757,100.249817,139
758,100.249661,139
759,100.250074,139
761,100.250995,139
762,100.250872,139
763,100.250511,139
765,100.250175,139
766,100.250849,139
767,100.250630,139
768,100.250483,139
769,100.250795,139
770,100.250720,139
771,100.250668,139
773,100.250448,139
774,100.251063,139
775,100.250717,139
776,100.250726,139
779,100.250588,139
780,100.250451,139
781,100.252930,139
782,100.253197,139
783,100.252829,139
784,100.252344,139
785,100.252103,139
786,100.251826,139
787,100.251953,139
788,100.251762,139
789,100.251415,139
790,100.251193,139
792,100.251330,139
793,100.251246,139
794,100.251452,139
795,100.251550,139
796,100.252379,139
797,100.252326,139
800,100.252499,139
801,100.253166,139
802,100.252880,139
803,100.252827,139
804,100.252658,139
805,100.252553,139
806,100.254640,139
807,100.254319,140
808,100.253977,140
809,100.254760,140
810,100.254376,141
813,100.255080,142
814,100.255564,142
815,100.257510,142
816,100.258344,144
817,100.259228,144
818,100.259719,144
819,100.260346,144
820,100.260700,144
821,100.260873,144
822,100.260931,144
823,100.261949,144
824,100.261310,145
825,100.261103,145
826,100.260494,145
827,100.260114,146
828,100.260703,148
829,100.260425,148
830,100.260880,148
831,100.260663,148
832,100.260590,148
833,100.260873,148
834,100.260730,150
835,100.260921,151
836,100.260530,151
837,100.260382,151
840,100.261009,151
841,100.260796,151
842,100.261211,151
843,100.262751,151
844,100.262293,152
845,100.262619,152
846,100.262522,152
847,100.263036,152
848,100.262608,152
850,100.262353,152
851,100.262799,152
852,100.262615,152
853,100.262317,152
854,100.261881,152
855,100.261560,153
856,100.261461,153
857,100.263322,153
858,100.262878,153
859,100.263074,153
860,100.262886,153
863,100.262609,153
864,100.262990,153
865,100.262839,153
866,100.262962,153
867,100.263514,153
868,100.263807,153
871,100.263758,153
872,100.264816,153
873,100.264610,153
874,100.264182,153
875,100.264055,153
876,100.263881,153
877,100.264388,153
878,100.264313,153
879,100.266000,153
880,100.265465,153
881,100.265325,153
882,100.265251,153
883,100.264956,153
884,100.264803,153
885,100.265400,153
886,100.266641,153
887,100.266453,153
888,100.265987,154
889,100.265863,154
890,100.265739,154
891,100.266218,154
892,100.266809,154
893,100.266381,154
895,100.266541,154
896,100.266397,154
897,100.267072,154
898,100.267091,154
899,100.266279,154
900,100.266186,154
901,100.264287,154
902,100.264630,154
903,100.264715,154
904,100.265172,154
905,100.265023,154
906,100.265606,154
907,100.265262,154
908,100.266032,154
909,100.265967,154
910,100.265662,154
911,100.265856,154
912,100.265796,154
913,100.265631,154
914,100.265343,154
915,100.267755,154
916,100.267233,154
917,100.266700,154
918,100.266423,155
919,100.266206,155
920,100.266955,155
921,100.267835,156
922,100.267350,157
923,100.267228,158
924,100.267430,158
925,100.268237,160
926,100.267798,160
927,100.266912,160
928,100.266105,161
929,100.266394,161
930,100.267517,161
931,100.267735,161
932,100.267265,163
933,100.267109,163
934,100.267015,163
935,100.267128,163
936,100.267948,163
937,100.267774,163
938,100.267280,163
939,100.267525,163
940,100.267308,163
941,100.267757,163
942,100.267717,163
943,100.267516,163
944,100.268391,163
945,100.268229,163
946,100.267670,164
947,100.267552,164
948,100.267975,164
949,100.267739,164
950,100.268293,164
951,100.268770,164
952,100.269137,164
953,100.268910,164
954,100.269172,164
955,100.269519,164
956,100.269081,164
957,100.270019,164
958,100.270576,164
959,100.270449,164
960,100.270283,164
961,100.271377,164
962,100.271113,164
963,100.271803,164
964,100.272440,164
965,100.272250,164
966,100.272526,164
967,100.272283,164
968,100.272611,164
969,100.272390,164
970,100.272334,164
971,100.272512,164
972,100.272144,164
973,100.272353,164
974,100.272309,164
975,100.272625,164
976,100.272987,164
977,100.272513,164
978,100.272191,164
979,100.272081,164
980,100.272216,164
981,100.272143,164
982,100.272312,164
983,100.272799,164
984,100.272866,164
985,100.272954,164
986,100.273815,164
987,100.274211,164
988,100.274148,164
989,100.273814,164
990,100.273637,164
991,100.273490,164
992,100.273417,164
993,100.273734,164
994,100.273378,164
995,100.273201,164
996,100.273112,164
997,100.273350,164
998,100.272604,165
999,100.272013,165
1000,100.271652,165
1001,100.270169,165
1002,100.270107,165
1003,100.271951,165
1004,100.271448,165
1005,100.271347,165
1006,100.271297,165
1007,100.271786,165
1008,100.273600,165
1009,100.273360,166
1010,100.273608,166
1011,100.273895,166
1012,100.274077,166
1013,100.273936,166
1014,100.273526,166
1015,100.272960,167
1016,100.272856,167
1017,100.272741,167
1018,100.273051,167
1019,100.273308,168
1020,100.273451,169
1021,100.272943,169
1022,100.273239,170
1023,100.273448,171
1024,100.273485,171
1025,100.273218,171
1026,100.273527,171
1027,100.273207,171
1028,100.273518,172
1029,100.273314,172
1030,100.273232,172
1031,100.274591,172
1032,100.275348,173
1033,100.276173,173
1034,100.276458,173
1035,100.276295,173
1036,100.276645,173
1037,100.276918,173
1038,100.276931,173
1039,100.276464,173
1040,100.276312,173
1041,100.276636,173
1042,100.276071,174
1043,100.276389,174
1044,100.276235,174
1045,100.276133,174
1046,100.276095,174
1047,100.276448,174
1048,100.275881,175
1049,100.275444,176
1050,100.275404,176
1051,100.276350,176
1052,100.276149,176
1053,100.276038,176
1054,100.275800,176
1055,100.275585,176
1056,100.275706,176
1057,100.275581,176
1058,100.275297,176
1059,100.275828,176
1061,100.276321,176
1062,100.276618,176
1063,100.276488,176
1065,100.276945,176
1066,100.276885,176
1067,100.276825,176
1068,100.276605,176
1069,100.277744,176
1070,100.277447,176
1071,100.277405,176
1072,100.277363,176
1073,100.277280,176
1074,100.277442,176
1076,100.277703,176
1077,100.277623,176
1078,100.277424,176
1079,100.277496,176
1080,100.277201,176
1082,100.277268,176
1083,100.277128,176
1084,100.277075,176
1085,100.276823,176
1086,100.276809,176
1087,100.278929,176
1088,100.278736,176
1089,100.278536,176
1090,100.278357,176
1091,100.278151,176
1092,100.277869,176
1093,100.277713,176
1094,100.277596,176
1095,100.277807,176
1096,100.277666,176
1097,100.277453,176
1098,100.277936,176
1099,100.277894,176
1100,100.277586,176
1101,100.278841,176
1102,100.278449,176
1103,100.278661,176
1104,100.279831,176
1105,100.280094,176
1106,100.279825,176
1107,100.280100,176
1108,100.279843,176
1109,100.279681,176
1110,100.280839,176
1111,100.280777,176
1112,100.281164,176
1113,100.280928,176
1114,100.280816,176
1115,100.280162,177
1116,100.279803,177
1117,100.280560,178
1118,100.280421,178
1119,100.280372,178
1120,100.281116,179
1121,100.281087,179
1122,100.281509,179
1123,100.281274,179
1124,100.282443,179
1125,100.283630,179
1126,100.283795,179
1127,100.283938,180
1128,100.284407,180
1129,100.284685,182
1130,100.284427,182
1131,100.284410,182
1132,100.284139,182
1133,100.284500,182
1134,100.284563,182
1135,100.284093,182
1136,100.284055,182
1137,100.284945,182
1138,100.285255,182
1139,100.285531,183
1140,100.285156,185
1141,100.284913,185
1142,100.285117,185
1143,100.285130,185
1144,100.285301,186
1145,100.285158,186
1146,100.285064,186
1148,100.284850,186
1149,100.285640,186
1150,100.285678,186
1152,100.285279,186
1153,100.285038,186
1154,100.285003,186
1155,100.284968,186
1156,100.284776,186
1157,100.284618,186
1158,100.284474,186
1159,100.284320,186
1160,100.284685,186
1161,100.285109,186
1162,100.285440,186
1165,100.285802,186
1166,100.285755,186
1167,100.286031,186
1168,100.285732,186
1169,100.285255,187
1174,100.285533,188
1175,100.285565,188
1176,100.285679,188
1177,100.285513,188
1181,100.285475,188
1182,100.285486,188
1184,100.285235,188
1186,100.286752,188
1187,100.286290,188
1188,100.286153,188
1189,100.286041,188
1190,100.286142,188
1191,100.285888,188
1193,100.285663,188
1194,100.285682,188
1195,100.286075,188
1196,100.285918,188
1198,100.285879,188
1199,100.286371,188
1200,100.286625,188
1201,100.286758,188
1202,100.286801,188
1203,100.287043,188
1204,100.286846,188
1205,100.287143,188
1206,100.286977,188
1207,100.286919,188
1208,100.286803,188
1209,100.288199,188
1210,100.288122,188
1211,100.288896,188
1212,100.289114,188
1213,100.289410,188
1214,100.289367,188
1215,100.289746,190
1216,100.289626,190
1217,100.289474,190
1218,100.289898,190
1219,100.290706,190
1220,100.290331,190
1221,100.290315,190
1222,100.290016,191
1223,100.289824,191
1224,100.290126,191
1225,100.291260,191
1226,100.291492,191
1227,100.291432,191
1228,100.291287,193
1229,100.291250,193
1230,100.292198,193
1231,100.292199,194
1232,100.291661,195
1233,100.292075,195
1234,100.291795,195
1236,100.292063,195
1237,100.292018,195
1238,100.292270,195
1239,100.292593,195
1241,100.293248,195
1242,100.293625,195
1243,100.293356,195
1244,100.293268,195
1245,100.293567,195
1246,100.293629,196
1247,100.293635,196
1248,100.293807,197
1249,100.293651,197
1250,100.293745,197
1251,100.293592,197
1252,100.293367,197
1254,100.293591,197
1256,100.293546,197
1257,100.294827,197
1258,100.294580,197
1259,100.294539,197
1260,100.294371,197
1261,100.295175,197
1262,100.295220,197
1263,100.295045,197
1264,100.294879,197
1265,100.294692,197
1266,100.294550,197
1267,100.294285,197
1269,100.293964,197
1270,100.293989,197
1272,100.293918,197
1273,100.295048,197
1274,100.295236,197
1275,100.295668,197
1276,100.295938,197
1277,100.295895,197
1278,100.296244,197
1279,100.296121,197
1280,100.296190,197
1281,100.296428,197
1282,100.296302,197
1283,100.297058,197
1284,100.296720,197
1285,100.296549,197
1286,100.296261,197
1287,100.295785,197
1288,100.296064,197
1289,100.295941,197
1290,100.295794,198
1291,100.295599,198
1292,100.295401,198
1293,100.295032,198
1294,100.294529,198
1295,100.294042,198
1300,100.293755,198
1301,100.294403,198
1302,100.295547,198
1303,100.295416,198
1304,100.295182,198
1305,100.295030,199
1306,100.294953,199
1307,100.294933,199
1308,100.294644,199
1309,100.295133,199
1310,100.295946,199
1312,100.296435,199
1313,100.296269,199
1314,100.296043,201
1315,100.295860,201
1316,100.295501,201
1317,100.295340,201
1318,100.295661,203
1319,100.295360,203
1320,100.295019,204
1321,100.294837,204
1322,100.295154,204
1323,100.294865,204
1324,100.295092,204
1325,100.295310,204
1327,100.295090,205
1328,100.295482,205
1329,100.295447,205
1330,100.295635,205
1331,100.295937,206
1332,100.295790,206
1333,100.295751,206
1334,100.296889,206
1335,100.297405,206
1336,100.297204,206
1338,100.297808,206
1339,100.297741,206
1340,100.299005,206
1341,100.299233,206
1342,100.299049,206
1343,100.299464,206
1344,100.299418,206
1345,100.299201,206
1346,100.299004,206
1347,100.298458,206
1348,100.298162,207
1349,100.297960,207
1352,100.297862,207
1353,100.299010,207
1354,100.298864,207
1355,100.298641,207
1356,100.298339,207
1357,100.299228,207
1358,100.299186,207
1359,100.299479,207
1361,100.299644,207
1363,100.299610,207
1364,100.299939,207
1365,100.300175,207
1367,100.300151,207
1368,100.300137,207
1369,100.300610,207
1370,100.300963,207
1371,100.300914,207
1372,100.300883,207
1373,100.301878,207
1374,100.302212,207
1375,100.302179,207
1376,100.301986,207
1377,100.301817,207
1378,100.301577,207
1379,100.301293,207
1381,100.301154,207
1382,100.301085,207
1383,100.300999,207
1384,100.300859,207
1385,100.300823,207
1386,100.300611,207
1387,100.300557,207
1388,100.300516,207
1390,100.300390,207
1394,100.300636,207
1396,100.300943,207
1397,100.301526,207
1398,100.302148,207
1399,100.302088,207
1400,100.302380,207
1401,100.305146,207
1402,100.305059,207
1403,100.305620,207
1404,100.307033,207
1405,100.306796,207
1406,100.307719,208
1407,100.307528,208
1408,100.307923,208
1409,100.307405,208
1410,100.307718,208
1411,100.307628,208
1412,100.308018,208
1413,100.308194,212
1414,100.307941,212
1415,100.308117,212
1416,100.308117,213
1417,100.307973,213
1418,100.307769,213
1419,100.308036,213
1420,100.307888,213
1421,100.307683,213
1422,100.307447,213
1423,100.307310,213
1424,100.307593,214
1425,100.308635,214
1427,100.308364,214
1428,100.308807,214
1429,100.310560,214
1430,100.311270,214
1431,100.311138,214
1432,100.311036,214
1433,100.311397,214
1434,100.311092,215
1435,100.311270,215
1436,100.311494,215
1437,100.311415,215
1438,100.311335,215
1439,100.312541,215
1440,100.312746,215
1441,100.312612,215
1442,100.312798,215
1443,100.312630,215
1444,100.313336,215
1445,100.313017,215
1446,100.312823,215
1447,100.312557,215
1448,100.312342,215
1449,100.312251,215
1450,100.312301,215
1451,100.312123,215
1453,100.312091,215
1454,100.312426,215
1455,100.313611,215
1456,100.313560,215
1457,100.313715,215
1458,100.313852,215
1459,100.314141,215
1460,100.313981,215
1461,100.314201,215
1462,100.314597,215
1463,100.314566,215
1464,100.314444,215
1465,100.314282,215
1466,100.314106,215
1467,100.314635,215
1468,100.314339,215
1469,100.314167,215
1470,100.314075,215
1472,100.313893,215
1473,100.313771,215
1474,100.313852,215
1475,100.314996,215
1476,100.314841,215
1477,100.314528,215
1478,100.314496,215
1479,100.314087,215
1480,100.314149,215
1481,100.314070,215
1482,100.313829,215
1483,100.313708,215
1485,100.313458,215
1486,100.313394,215
1487,100.313626,215
1488,100.314108,215
1489,100.314070,215
1491,100.314007,215
1492,100.314264,215
1493,100.315284,215
1494,100.315467,215
1495,100.315362,215
1496,100.315507,215
1497,100.315322,215
1498,100.315099,215
1499,100.314643,215
1500,100.314665,215
1501,100.312787,215
1502,100.312992,215
1503,100.314545,215
1504,100.314171,217
1505,100.313968,217
1506,100.314095,217
1507,100.314722,217
1508,100.314725,217
1509,100.314300,217
1511,100.314706,217
1512,100.315059,217
1513,100.314894,217
1514,100.314727,217
1515,100.314964,217
1516,100.316602,217
1517,100.316491,217
1518,100.316403,217
1519,100.317334,217
1520,100.317257,217
1521,100.317041,217
1522,100.317078,217
1523,100.317909,217
1524,100.317905,217
1525,100.317433,217
1526,100.317261,217
1527,100.317007,217
1528,100.316622,217
1529,100.317168,218
1530,100.317097,218
1531,100.317395,218
1532,100.318401,219
1533,100.318189,219
1534,100.317953,220
1535,100.318202,220
1536,100.318023,221
1537,100.318639,221
1538,100.318411,221
1539,100.318235,221
1540,100.318186,221
1541,100.318511,221
1542,100.318891,221
1543,100.320050,221
1544,100.319982,221
1545,100.320645,221
1546,100.320935,221
1547,100.320721,221
1548,100.320215,221
1549,100.320064,221
1550,100.319680,221
1551,100.319444,221
1552,100.319132,221
1556,100.319249,221
1557,100.319541,221
1558,100.320108,221
1560,100.320058,221
1561,100.320136,221
1562,100.320055,221
1563,100.320005,221
1564,100.319859,221
1565,100.320741,221
1566,100.320547,221
1568,100.320381,221
1569,100.320985,221
1570,100.320841,221
1571,100.320795,221
1572,100.320750,221
1573,100.321274,221
1575,100.321266,221
1576,100.321201,221
1577,100.320979,221
1578,100.320814,221
1579,100.320612,221
1580,100.320664,221
1583,100.321286,221
1584,100.321286,221
1585,100.321451,222
1586,100.321307,222
1587,100.321294,222
1588,100.321276,222
1589,100.321186,222
1590,100.321125,222
1591,100.321036,222
1592,100.320853,222
1593,100.320599,222
1594,100.321231,222
1595,100.321102,222
1596,100.321144,222
1597,100.320636,222
1598,100.320530,222
1599,100.320048,222
1600,100.319485,222
1601,100.318419,222
1602,100.318341,222
1603,100.318228,222
1604,100.318357,222
1605,100.318231,222
1606,100.318445,223
1608,100.318383,223
1609,100.318618,223
1610,100.318566,223
1611,100.318405,223
1612,100.318184,223
1613,100.318488,223
1614,100.318677,223
1615,100.318603,223
1616,100.319114,223
1617,100.319272,224
1618,100.319123,224
1619,100.318806,224
1620,100.318562,224
1621,100.318986,226
1622,100.319019,228
1623,100.318793,228
1624,100.319286,228
1625,100.319181,228
1626,100.319008,230
1627,100.319137,231
1628,100.318862,231
1630,100.319836,231
1631,100.319668,231
1632,100.319449,231
1633,100.319255,231
1634,100.319287,231
1635,100.319142,231
1637,100.319520,231
1638,100.319364,231
1639,100.321101,231
1640,100.321274,231
1641,100.320731,231
1642,100.320260,231
1643,100.320041,231
1644,100.319953,231
1645,100.320249,231
1646,100.320096,231
1647,100.319972,231
1648,100.321157,231
1649,100.320982,231
1650,100.320888,231
1651,100.320714,231
1652,100.321410,231
1653,100.321388,231
1654,100.321075,231
1655,100.320770,231
1656,100.320865,231
1657,100.320904,231
1658,100.320710,231
1660,100.320669,231
1661,100.321033,231
1662,100.320999,231
1663,100.321375,231
1664,100.322795,231
1665,100.322534,231
1666,100.322346,231
1667,100.322315,231
1668,100.322692,231
1669,100.323055,231
1670,100.322840,231
1671,100.322617,231
1672,100.322784,231
1673,100.322709,231
1674,100.323209,231
1675,100.322979,231
1677,100.322853,231
1678,100.323089,231
1679,100.322979,231
1680,100.322745,231
1681,100.322907,231
1682,100.322701,231
1683,100.322585,231
1684,100.322647,231
1685,100.322623,231
1686,100.322539,231
1687,100.322420,231
1688,100.322626,231
1689,100.322593,231
1690,100.322524,231
1691,100.322678,231
1692,100.322608,231
1693,100.322467,231
1694,100.322650,231
1695,100.322543,231
1696,100.322702,231
1697,100.321999,231
1698,100.321607,231
1699,100.321517,231
1700,100.321458,231
1701,100.322995,231
1702,100.323207,231
1703,100.323433,231
1704,100.323251,231
1705,100.323550,231
1706,100.323485,231
1707,100.323693,231
1708,100.323385,232
1709,100.323277,232
1710,100.323831,232
1711,100.323502,233
1712,100.323730,233
1713,100.323695,233
1714,100.324053,233
1716,100.324032,233
1717,100.323947,233
1718,100.323836,233
1719,100.323815,233
1720,100.323773,233
1721,100.323474,234
1722,100.323519,235
1723,100.323693,236
1725,100.323467,236
1726,100.323812,236
1727,100.323530,238
1728,100.323432,238
1729,100.323705,239
1730,100.323749,239
1731,100.323725,239
1732,100.324235,239
1733,100.324022,240
1734,100.323788,240
1736,100.324101,240
1737,100.324031,240
1738,100.324277,240
1739,100.325600,240
1740,100.325523,240
1741,100.325591,240
1742,100.325561,240
1743,100.325437,240
1744,100.325777,240
1745,100.325552,240
1746,100.325752,240
1747,100.325669,240
1749,100.325872,240
1750,100.326123,240
1751,100.326043,240
1752,100.325992,240
1753,100.326275,240
1754,100.326197,240
1755,100.326366,240
1756,100.326873,240
1757,100.326545,240
1758,100.326498,240
1759,100.326377,240
1760,100.326360,240
1761,100.326887,240
1762,100.326809,240
1763,100.326669,240
1765,100.326842,240
1768,100.326822,240
1769,100.327519,240
1770,100.327670,240
1771,100.327860,240
1772,100.327692,240
1773,100.327626,240
1774,100.327769,240
1775,100.327481,240
1776,100.327310,240
1777,100.327182,240
1778,100.327174,240
1779,100.327283,240
1780,100.327145,240
1782,100.327132,240
1783,100.327098,240
1784,100.327004,240
1785,100.327031,240
1786,100.327488,240
1787,100.327723,240
1788,100.327672,240
1789,100.327621,240
1790,100.327587,240
1791,100.327613,240
1792,100.327533,240
1793,100.327524,240
1794,100.327437,240
1795,100.327382,240
1796,100.327427,240
1797,100.327631,240
1798,100.327413,240
1799,100.327212,240
1800,100.326999,240
1801,100.326453,240
1802,100.326110,240
1803,100.325917,240
1804,100.325850,240
1805,100.326482,240
1807,100.326360,241
1808,100.326259,241
1809,100.326262,242
1810,100.326130,242
1811,100.326384,242
1812,100.326682,242
1813,100.326621,242
1814,100.326549,242
1815,100.326807,242
1816,100.327455,242
1817,100.327404,242
1818,100.327241,242
1819,100.327421,242
1820,100.327997,243
1821,100.328294,243
1822,100.328207,243
1823,100.328134,243
1824,100.327882,244
1825,100.327661,244
1826,100.327474,244
1827,100.327596,244
1828,100.327327,244
1830,100.327275,244
1831,100.327167,244
1832,100.327089,244
1833,100.328050,244
1834,100.327961,244
1835,100.328463,244
1836,100.328344,245
1837,100.328198,246
1838,100.328130,246
1839,100.327938,246
1840,100.327612,246
1844,100.327352,246
1845,100.328024,246
1847,100.327750,247
1848,100.327721,247
1849,100.327663,247
1850,100.328888,248
1851,100.328798,248
1852,100.328659,248
1854,100.328582,248
1855,100.328561,248
1856,100.329195,248
1857,100.329019,248
1859,100.328991,248
1860,100.328962,248
1861,100.329303,248
1862,100.329579,248
1863,100.329551,248
1864,100.330061,248
1865,100.329983,248
1866,100.329963,248
1867,100.329870,248
1868,100.330097,248
1869,100.330273,248
1870,100.329841,248
1872,100.329712,248
1873,100.329659,248
1874,100.329579,248
1875,100.329472,248
1876,100.329713,248
1877,100.329864,248
1878,100.329822,248
1879,100.330378,248
1880,100.330487,248
1881,100.330363,248
1882,100.330176,248
1883,100.330240,248
1884,100.330389,248
1885,100.330408,248
1886,100.330119,248
1887,100.330012,248
1888,100.329926,248
1889,100.329589,248
1890,100.329413,248
1891,100.329353,248
1893,100.329200,248
1894,100.329274,248
1895,100.329148,248
1896,100.329117,248
1898,100.328972,248
1899,100.328982,248
1900,100.328836,248
1902,100.329792,248
1903,100.329761,248
1904,100.329568,248
1905,100.330549,248
1906,100.330861,248
1907,100.331129,248
1908,100.330796,248
1909,100.330555,249
1910,100.330335,249
1911,100.330170,250
1912,100.330493,250
1913,100.330738,251
1914,100.331294,251
1915,100.331373,252
1916,100.331181,252
1917,100.332074,252
1918,100.332276,252
1919,100.332302,254
1920,100.332048,254
1921,100.332949,254
1922,100.332863,254
1923,100.333453,254
1924,100.333699,254
1925,100.333863,254
1926,100.334119,254
1927,100.334122,254
1928,100.334199,254
1929,100.334438,254
1930,100.334883,254
1931,100.334847,254
1932,100.335718,254
1933,100.335896,254
1934,100.335796,254
1935,100.335583,255
1936,100.335381,255
1937,100.335413,255
1938,100.335101,256
1939,100.335218,256
1941,100.335175,256
1942,100.335133,256
1943,100.335366,256
1944,100.335529,258
1945,100.335406,258
1946,100.335740,258
1947,100.336104,258
1948,100.336037,258
1949,100.335823,258
1950,100.335720,258
1951,100.335605,258
1952,100.335812,258
1953,100.335450,259
1954,100.335370,259
1955,100.335320,259
1957,100.335350,259
1958,100.335221,259
1959,100.335310,259
1960,100.335254,259
1961,100.335155,259
1962,100.334988,259
1964,100.334680,260
1965,100.334724,260
1966,100.334412,260
1969,100.334371,260
1970,100.334802,260
1971,100.334900,260
1972,100.335726,260
1973,100.335824,260
1974,100.335802,260
1975,100.335636,260
1976,100.335456,260
1977,100.335490,260
1978,100.335327,260
1979,100.335289,260
1981,100.335258,260
1984,100.335170,260
1985,100.335414,260
1986,100.335365,260
1987,100.335311,260
1988,100.335394,260
1989,100.335254,260
1990,100.335510,260
1991,100.335410,260
1992,100.335505,260
1993,100.335422,260
1994,100.335256,260
1995,100.335229,260
1996,100.335177,260
1997,100.334986,260
1998,100.335073,260
1999,100.334972,260
2000,100.334843,260
2001,100.334717,260
2002,100.334913,260
2003,100.334864,260
2004,100.335142,260
2005,100.334960,260
2006,100.334771,260
2007,100.334599,260
2008,100.334333,260
2009,100.334868,260
2010,100.334847,263
2011,100.335613,263
2012,100.335570,263
2013,100.335467,263
2014,100.335363,263
2015,100.335250,263
2016,100.335066,263
2017,100.335660,265
2018,100.335405,266
2019,100.335348,266
2020,100.335288,266
2021,100.335638,266
2022,100.335872,266
2023,100.336290,267
2024,100.336315,267
2025,100.336207,268
2026,100.336073,268
2027,100.336276,268
2028,100.335968,268
2029,100.335913,268
2030,100.336032,269
2032,100.335972,269
2034,100.335948,269
2035,100.336249,269
2036,100.336799,269
2037,100.336530,269
2039,100.336312,269
2040,100.336295,269
2041,100.336277,269
2042,100.336198,269
2043,100.336803,269
2044,100.337002,269
2045,100.336982,269
2046,100.336905,269
2047,100.337796,269
2048,100.338159,269
2049,100.337966,269
2050,100.338499,269
2051,100.338421,269
2052,100.338319,269
2053,100.338210,269
2054,100.338079,269
2055,100.338230,269
2056,100.338402,269
2058,100.338573,269
2059,100.338843,269
2060,100.339049,269
2061,100.339546,269
2062,100.339981,269
2063,100.339868,269
2064,100.339757,270
2065,100.339765,270
2066,100.339807,270
2067,100.339645,270
2068,100.339727,270
2069,100.339502,270
2070,100.339471,270
2072,100.339344,270
2075,100.338990,270
2076,100.338937,270
2077,100.338909,270
2078,100.338817,270
2079,100.338777,270
2080,100.338665,270
2081,100.338441,270
2082,100.338447,270
2084,100.338574,270
2085,100.338463,270
2087,100.338318,270
2089,100.338286,270
2090,100.338273,270
2091,100.338512,270
2092,100.338719,270
2093,100.338757,270
2094,100.338708,270
2095,100.338918,270
2096,100.338869,270
2097,100.338788,270
2098,100.339035,270
2099,100.338689,270
2100,100.338436,270
2101,100.337602,270
2102,100.337066,270
2103,100.337024,270
2104,100.338095,270
2107,100.337850,270
2108,100.338309,270
2109,100.338194,270
2110,100.338721,270
2111,100.338664,270
2112,100.338977,270
2113,100.339249,270
2114,100.339007,270
2115,100.338985,270
2116,100.338990,271
2117,100.339577,272
2118,100.339719,273
2119,100.339633,273
2120,100.339739,274
2121,100.339563,274
2122,100.340047,274
2123,100.339887,274
2124,100.339716,274
2125,100.340355,274
2126,100.340216,274
2127,100.340254,275
2128,100.340037,275
2129,100.339776,275
2130,100.339486,277
2131,100.339632,277
2132,100.340171,277
2133,100.340142,279
2134,100.340321,279
2135,100.340431,279
2136,100.340705,279
2137,100.340955,279
2138,100.341119,279
2139,100.340974,279
2140,100.340936,279
2141,100.340858,279
2142,100.341336,279
2143,100.341584,279
2144,100.341395,279
2145,100.341054,280
2146,100.341539,280
2147,100.341572,280
2148,100.341719,280
2149,100.341703,280
2150,100.341835,280
2151,100.341768,280
2152,100.341891,280
2153,100.341807,280
2154,100.341709,280
2155,100.341371,280
2156,100.341530,280
2157,100.342032,280
2158,100.341859,280
2159,100.341814,280
2160,100.341751,280
2161,100.341702,280
2162,100.342229,280
2163,100.342139,280
2164,100.342075,280
2165,100.342365,280
2166,100.342328,280
2167,100.342684,280
2168,100.342895,280
2169,100.342723,280
2170,100.342767,280
2171,100.342692,280
2172,100.342874,280
2173,100.342839,280
2174,100.342770,280
2176,100.342962,280
2177,100.343337,280
2178,100.343256,280
2179,100.343143,280
2180,100.342977,280
2181,100.342957,280
2185,100.342954,280
2186,100.343118,280
2187,100.343017,280
2188,100.342832,280
2189,100.342927,280
2190,100.343100,280
2191,100.343194,280
2192,100.343164,280
2193,100.343217,280
2194,100.342694,280
2195,100.342535,280
2196,100.342436,280
2197,100.342578,280
2198,100.342241,280
2199,100.341991,280
2201,100.341964,280
2202,100.342024,280
2203,100.341740,280
2204,100.341483,280
2206,100.341316,281
2207,100.341235,281
2208,100.341862,281
2209,100.341891,281
2210,100.341846,281
2211,100.341707,281
2212,100.341945,281
2213,100.341623,281
2214,100.341372,281
2215,100.341397,282
2216,100.340992,283
2217,100.340759,284
2218,100.340591,284
2219,100.340461,284
2220,100.340229,284
2221,100.339923,285
2222,100.339739,285
2223,100.339620,285
2224,100.339849,285
2225,100.339760,285
2226,100.339537,286
2227,100.339252,288
2228,100.339304,288
2229,100.339092,288
2230,100.338772,288
2231,100.338632,288
2232,100.338447,288
2233,100.338226,288
2235,100.338011,288
2236,100.338618,288
2237,100.338327,288
2238,100.338079,288
2239,100.337726,288
2240,100.337622,288
2241,100.337816,288
2242,100.337852,288
2243,100.337692,288
2245,100.337604,288
2246,100.337858,288
2247,100.337319,290
2248,100.336995,290
2249,100.336845,291
2250,100.336890,291
2251,100.336603,291
2252,100.336376,291
2253,100.336297,291
2254,100.336104,291
2255,100.336053,291
2256,100.335874,291
2257,100.335730,291
2258,100.335579,291
2259,100.335500,291
2260,100.335415,291
2261,100.335351,291
2262,100.335151,293
2263,100.335033,293
2264,100.334895,295
2265,100.334854,295
2266,100.334770,295
2267,100.334659,295
2269,100.334536,296
2270,100.334580,296
2272,100.334184,297
2273,100.334007,297
2274,100.333775,298
2275,100.333829,298
2276,100.333761,299
2277,100.333487,299
2278,100.333262,299
2279,100.332883,300
2280,100.332728,300
2281,100.332793,300
2282,100.332752,301
2283,100.332637,301
2284,100.332653,301
2285,100.332570,301
2286,100.332477,301
2287,100.332562,301
2288,100.332317,301
2289,100.332020,301
2290,100.332095,301
2291,100.331950,301
2292,100.331802,301
2293,100.331729,302
2294,100.331392,302
2295,100.331351,302
2296,100.331287,302
2297,100.331212,302
2298,100.331029,302
2299,100.331120,302
2300,100.331354,302
2301,100.330908,303
2302,100.331055,303
2303,100.331226,304
2304,100.331178,304
2305,100.331467,304
2306,100.331471,304
2307,100.331443,306
2308,100.331611,306
2310,100.331704,306
2311,100.331619,306
2312,100.331787,306
2313,100.331565,306
2314,100.331759,306
2315,100.332151,306
2316,100.332076,306
2317,100.332288,306
2318,100.332244,307
2319,100.332585,308
2320,100.332919,308
2321,100.332548,308
2322,100.333055,308
2323,100.332963,310
2324,100.332929,310
2325,100.333323,310
2326,100.333233,310
2327,100.333329,310
2328,100.333475,310
2329,100.333436,310
2330,100.333396,310
2331,100.333562,311
2332,100.333259,312
2333,100.333097,312
2334,100.332767,312
2335,100.332607,312
2336,100.333028,312
2337,100.332954,312
2338,100.332914,312
2339,100.332881,312
2340,100.332816,314
2341,100.333616,314
2342,100.333970,314
2343,100.333886,314
2344,100.334100,314
2345,100.334809,314
2346,100.335148,314
2347,100.335315,314
2348,100.335206,314
2349,100.335055,314
2350,100.335274,314
2351,100.335629,314
2352,100.336088,314
2353,100.336006,314
2354,100.335902,314
2355,100.335760,314
2356,100.335840,314
2357,100.335910,314
2358,100.335862,314
2360,100.335782,314
2362,100.336059,314
2363,100.336187,314
2364,100.336059,314
2365,100.336196,314
2366,100.336233,314
2367,100.336585,314
2368,100.336454,315
2369,100.336420,315
2370,100.336529,315
2371,100.336426,315
2372,100.336395,315
2373,100.336358,315
2374,100.336212,315
2375,100.336286,315
2376,100.336179,315
2377,100.336057,315
2378,100.335857,315
2379,100.335761,315
2380,100.335730,315
2382,100.335631,315
2383,100.335493,315
2384,100.335584,315
2385,100.335441,315
2386,100.335402,315
2387,100.335355,315
2388,100.335165,315
2389,100.334868,315
2393,100.334712,315
2394,100.334540,315
2396,100.334502,315
2397,100.334823,315
2398,100.334812,315
2399,100.334832,315
2400,100.335895,315
2401,100.337139,315
2402,100.337017,315
2403,100.336721,315
2404,100.337082,315
2405,100.337072,315
2406,100.337006,315
2407,100.336860,315
2408,100.336784,315
2409,100.337012,315
2410,100.336925,315
2411,100.337558,316
2412,100.337754,316
2413,100.337552,316
2414,100.337408,316
2415,100.337313,316
2416,100.337157,316
2417,100.336945,316
2418,100.337035,316
2419,100.336833,318
2420,100.336702,318
2421,100.336557,319
2422,100.336857,319
2423,100.337059,320
2424,100.337079,320
2425,100.337032,320
2426,100.337442,320
2427,100.337643,320
2428,100.337497,321
2429,100.337423,321
2430,100.337387,321
2431,100.337270,322
2432,100.337628,322
2433,100.337595,322
2434,100.337490,324
2435,100.337426,324
2436,100.337373,325
2437,100.337497,327
2438,100.337332,328
2439,100.337305,328
2440,100.337761,329
2441,100.337675,329
2443,100.337643,329
2444,100.337573,329
2445,100.338145,329
2446,100.338478,329
2448,100.338778,329
2449,100.338709,329
2450,100.338684,329
2451,100.338794,329
2452,100.338593,329
2453,100.338443,329
2455,100.338389,329
2456,100.338372,329
2457,100.338616,329
2458,100.338480,329
2459,100.338949,329
2460,100.338891,329
2461,100.339115,330
2462,100.339138,330
2463,100.339077,330
2464,100.338957,330
2465,100.339035,330
2466,100.338949,330
2467,100.339158,330
2468,100.339028,330
2469,100.338965,330
2471,100.338883,330
2474,100.339137,330
2475,100.339118,330
2476,100.339227,330
2477,100.339106,330
2479,100.339023,330
2480,100.338977,330
2481,100.339060,330
2482,100.339036,330
2484,100.338886,330
2486,100.338845,330
2487,100.338804,330
2488,100.338743,330
2490,100.338624,330
2491,100.338511,330
2492,100.339341,330
2493,100.339223,330
2494,100.338978,330
2495,100.338729,330
2496,100.338871,330
2498,100.338720,330
2499,100.338524,330
2500,100.338282,330
2503,100.337357,330
2504,100.337507,330
2505,100.337469,330
2507,100.337662,330
2508,100.338276,330
2509,100.338056,330
2510,100.338204,330
2511,100.338102,330
2512,100.338266,330
2513,100.338557,330
2514,100.338961,330
2515,100.338903,330
2516,100.338868,331
2517,100.339244,331
2518,100.339642,331
2519,100.339770,331
2520,100.339852,332
2521,100.340190,333
2522,100.340166,333
2523,100.340123,333
2524,100.340297,333
2525,100.340153,333
2526,100.340313,333
2527,100.340090,333
2528,100.340735,334
2529,100.340751,334
2530,100.340858,336
2531,100.340774,337
2532,100.340937,337
2533,100.340764,337
2534,100.341351,337
2535,100.341282,337
2536,100.341382,337
2537,100.341318,337
2538,100.341414,337
2539,100.341201,337
2540,100.340939,337
2541,100.341177,337
2542,100.341666,337
2543,100.341786,337
2544,100.341748,337
2545,100.342161,337
2546,100.342111,337
2547,100.341980,337
2548,100.342108,337
2549,100.341953,337
2550,100.341862,337
2551,100.342242,337
2552,100.342368,337
2553,100.342741,337
2554,100.342748,337
2555,100.342928,337
2556,100.342965,337
2557,100.342832,337
2558,100.342731,337
2559,100.342697,337
2560,100.343190,337
2561,100.343091,337
2562,100.342906,337
2563,100.343006,337
2564,100.343068,337
2565,100.343003,337
2566,100.343034,337
2568,100.342968,337
2569,100.343041,337
2570,100.343245,337
2571,100.343230,337
2572,100.343100,337
2573,100.343011,337
2574,100.342822,337
2575,100.342664,337
2576,100.342717,337
2577,100.342671,337
2580,100.342632,337
2583,100.342592,337
2586,100.342965,337
2587,100.342883,337
2588,100.343107,337
2589,100.343091,337
2590,100.343053,337
2591,100.343026,337
2592,100.342999,337
2593,100.342972,337
2595,100.343116,337
2596,100.343140,337
2597,100.343180,337
2598,100.343065,337
2600,100.343039,337
2601,100.344389,337
2602,100.344724,337
2603,100.345103,338
2604,100.345138,338
2605,100.345101,338
2606,100.345179,338
2607,100.345245,338
2608,100.345178,338
2609,100.344967,338
2610,100.345032,339
2611,100.345365,340
2612,100.345206,340
2613,100.345064,340
2614,100.345048,340
2615,100.345290,340
2616,100.345488,341
2617,100.345708,341
2618,100.345770,342
2619,100.345694,342
2620,100.345903,342
2621,100.346080,342
2622,100.345904,342
2623,100.345830,342
2624,100.345770,342
2625,100.345990,342
2626,100.345965,342
2627,100.345913,345
2628,100.345681,346
2629,100.345645,346
2630,100.345763,346
2631,100.345692,346
2632,100.345961,346
2633,100.345844,347
2634,100.345990,348
2635,100.345946,348
2638,100.346422,348
2639,100.346912,348
2640,100.347841,348
2641,100.347640,348
2642,100.347753,348
2643,100.347948,348
2644,100.347951,348
2645,100.347901,348
2646,100.348099,348
2647,100.348118,348
2648,100.348034,348
2649,100.348150,348
2650,100.348457,348
2651,100.348335,348
2652,100.349084,348
2653,100.348947,348
2654,100.349021,348
2655,100.349166,348
2656,100.348819,348
2657,100.348944,348
2658,100.348700,348
2659,100.348462,348
2660,100.348684,348
2661,100.348660,348
2663,100.348613,348
2664,100.348558,348
2665,100.348842,348
2666,100.348549,349
2667,100.348418,349
2668,100.348400,349
2669,100.348581,349
2670,100.348409,349
2671,100.348447,349
2672,100.348374,349
2673,100.348341,349
2674,100.348273,349
2675,100.348190,349
2678,100.348073,349
2679,100.348043,349
2683,100.347844,349
2684,100.348076,349
2685,100.348199,349
2686,100.348159,349
2688,100.348320,349
2689,100.348285,349
2690,100.348116,349
2691,100.347970,349
2693,100.347933,349
2694,100.347905,349
2695,100.347829,349
2696,100.347686,349
2697,100.347638,349
2698,100.347669,349
2699,100.347674,349
2700,100.347417,349
2701,100.346221,349
2702,100.346086,349
2703,100.345967,349
2704,100.346100,349
2705,100.345937,349
2706,100.345860,349
2707,100.346087,349
2708,100.346607,349
2709,100.347572,350
2710,100.347386,350
2711,100.347575,350
2712,100.347534,350
2713,100.347627,350
2714,100.347741,352
2715,100.347700,352
2716,100.347865,354
2717,100.347992,354
2718,100.347901,354
2719,100.347912,354
2720,100.347668,357
2721,100.347575,357
2722,100.347471,357
2723,100.347412,357
2724,100.347879,357
2725,100.347870,357
2726,100.347826,357
2727,100.348213,358
2728,100.348394,358
2729,100.348547,358
2730,100.348339,358
2731,100.348288,358
2732,100.348422,358
2733,100.348261,358
2734,100.348508,358
2735,100.348497,358
2736,100.348484,359
2737,100.348295,360
2738,100.348213,360
2739,100.348688,360
2740,100.348655,360
2741,100.348531,360
2742,100.348410,360
2743,100.348350,360
2744,100.349662,360
2745,100.349615,360
2746,100.349501,360
2747,100.349328,360
2748,100.349283,360
2749,100.349960,360
2750,100.349770,360
2752,100.349694,360
2753,100.349679,360
2754,100.349862,360
2755,100.350710,360
2756,100.350638,360
2757,100.350732,360
2758,100.350782,360
2759,100.350615,360
2760,100.350291,360
2761,100.349988,360
2762,100.350001,360
2763,100.349946,360
2764,100.349727,360
2765,100.349694,360
2766,100.349806,360
2767,100.349729,360
2771,100.349817,360
2774,100.349795,360
2775,100.349883,360
2776,100.349755,361
2777,100.349733,361
2780,100.349652,361
2782,100.349734,361
2785,100.350045,361
2786,100.350008,361
2787,100.349856,362
2788,100.349778,362
2789,100.349579,362
2790,100.350093,362
2792,100.350050,362
2793,100.350024,362
2794,100.349980,362
2796,100.349863,362
2797,100.349721,362
2800,100.349621,362
2801,100.349200,362
2802,100.350196,362
2803,100.350159,362
2804,100.350141,362
2805,100.350083,362
2806,100.350892,362
2807,100.351275,362
2808,100.351333,362
2809,100.351251,362
2810,100.351223,362
2811,100.351205,362
2812,100.351247,362
2813,100.350938,362
2814,100.351126,362
2815,100.351262,362
2816,100.351262,362
2817,100.351697,362
2818,100.351862,362
2819,100.352089,362
2820,100.352052,362
2821,100.352134,362
2822,100.352237,362
2823,100.352661,364
2824,100.352811,364
2825,100.352701,365
2826,100.352692,365
2827,100.353052,365
2828,100.353168,366
2829,100.353008,366
2830,100.352943,366
2831,100.353310,367
2832,100.353138,367
2833,100.353012,368
2834,100.353010,370
2835,100.353379,370
2836,100.353335,370
2837,100.353381,370
2838,100.353535,370
2839,100.353640,370
2840,100.353733,370
2841,100.353555,370
2842,100.353551,370
2843,100.353484,370
2844,100.353511,370
2845,100.353338,370
2846,100.353706,370
2847,100.353566,370
2848,100.353521,370
2849,100.353507,370
2850,100.353390,370
2851,100.353808,370
2852,100.354034,370
2854,100.353942,370
2855,100.354362,370
2856,100.354465,370
2857,100.354663,370
2859,100.354536,370
2860,100.354718,370
2861,100.355006,370
2862,100.354864,370
2863,100.354734,370
2864,100.354586,370
2865,100.354716,370
2866,100.354532,370
2869,100.354341,370
2870,100.354320,370
2871,100.354561,370
2872,100.354736,370
2875,100.354603,370
2877,100.354531,370
2879,100.354607,370
2880,100.354990,370
2881,100.354906,370
2882,100.354780,370
2883,100.354618,370
2885,100.354550,370
2886,100.354522,370
2887,100.354411,370
2889,100.354356,370
2890,100.354846,370
2891,100.354606,370
2892,100.354667,370
2893,100.354443,370
2894,100.354468,370
2895,100.354504,370
2896,100.354434,370
2897,100.354271,370
2898,100.353991,370
2899,100.353805,370
2900,100.353676,370
2901,100.353790,370
2902,100.353702,370
2903,100.353935,370
2904,100.354271,370
2905,100.354433,370
2906,100.354625,370
2907,100.354455,370
2908,100.354607,370
2909,100.354983,370
2910,100.354909,370
2911,100.355043,370
2912,100.354970,370
2913,100.354893,370
2914,100.355022,370
2915,100.355239,370
2916,100.355636,370
2917,100.355515,371
2918,100.355409,372
2919,100.355567,373
2920,100.355412,374
2921,100.355189,374
2922,100.355535,374
2923,100.355516,374
2924,100.355894,374
2925,100.356191,374
2926,100.356406,374
2927,100.356578,374
2928,100.356502,374
2929,100.356362,374
2930,100.356602,375
2931,100.356543,375
2932,100.356426,375
2933,100.356540,375
2934,100.356517,375
2935,100.356466,376
2936,100.356927,376
2937,100.358148,376
2938,100.358153,376
2939,100.358385,376
2940,100.358197,376
2941,100.358333,376
2942,100.358379,376
2943,100.358412,376
2944,100.358509,376
2945,100.358622,376
2946,100.358722,376
2947,100.358569,376
2948,100.358518,376
2949,100.358644,376
2950,100.358659,376
2951,100.359086,376
2952,100.358935,376
2953,100.359138,376
2954,100.359085,376
2955,100.359155,377
2956,100.359276,377
2957,100.359261,377
2958,100.358963,377
2960,100.358879,377
2961,100.358870,377
2962,100.358892,377
2963,100.358823,377
2964,100.358823,377
2965,100.358752,377
2966,100.358704,377
2967,100.358996,377
2968,100.358864,377
2970,100.358755,377
2971,100.358634,377
2972,100.358596,377
2973,100.358295,378
2974,100.358013,378
2975,100.357885,379
2976,100.357866,379
2977,100.357765,379
2978,100.357744,379
2979,100.357902,380
2980,100.357823,381
2982,100.357908,381
2983,100.357810,381
2985,100.357849,381
2987,100.357822,381
2988,100.357855,382
2989,100.357650,382
2990,100.357514,382
2993,100.357519,382
2994,100.357622,382
2995,100.357511,382
2996,100.357460,382
2997,100.357196,382
2998,100.357132,382
2999,100.357078,382
3000,100.357144,382
3001,100.357434,382
3002,100.357851,382
3003,100.357748,382
3004,100.357613,382
3005,100.357587,382
3006,100.357651,382
3007,100.357592,382
3008,100.357429,382
3009,100.357313,382
3010,100.357204,382
3012,100.357157,382
3013,100.357004,382
3014,100.356932,383
3015,100.356859,383
3016,100.356818,383
3017,100.356736,384
3018,100.356587,384
3019,100.356336,385
3020,100.356153,385
3021,100.356101,385
3022,100.355867,386
3023,100.355620,387
3024,100.355582,387
3025,100.355469,388
3030,100.355392,388
3034,100.355274,388
3035,100.355118,388
3036,100.355039,389
3037,100.355000,389
3038,100.355000,389
3039,100.355000,389
3040,100.355000,389
3041,100.355000,389
3042,100.355000,389
3043,100.355000,389
3044,100.355000,389
3045,100.355000,389
3046,100.355000,389
3047,100.355000,389
3048,100.355000,389
3049,100.355000,389
3050,100.355000,389
3051,100.355000,389
